order_id,customer_id,city,product_category,product_price,discount,quantity,payment_method,delivery_status,delivery_time_days,seller_rating,customer_rating,return_reason,seller_id,rider_id,rider_delivery_success_rate,warehouse_id,warehouse_stock_level,support_ticket_opened,support_category,marketing_campaign,campaign_conversion_rate
1,4174.0,Thika,Groceries,63674.0,0.0,3.0,Card,Delivered,14.0,4.0,5.0,N/A,285.0,,,19.0,,1.0,Payment Issue,Social Media Ads,0.1379332696227307
2,4507.0,Nairobi,Beauty,68544.0,15.0,3.0,Airtel Money,,8.0,5.0,,N/A,261.0,595.0,,18.0,357.0,1.0,Product Issue,,0.16157065088227848
3,1860.0,Kisumu,Groceries,,20.0,2.0,Airtel Money,Delivered,,,1.0,N/A,241.0,561.0,0.877710792305588,15.0,248.0,0.0,Payment Issue,Flash Sale,0.14030570667743866
4,,Nairobi,Beauty,56564.0,25.0,1.0,Card,Delivered,10.0,,4.0,Wrong Item,,512.0,0.9721598258821048,12.0,179.0,0.0,Account Issue,Clearance,0.04105134807200821
5,,Nakuru,,,0.0,2.0,Card,Delivered,12.0,2.0,3.0,N/A,241.0,,0.8919155424167752,10.0,807.0,,,Social Media Ads,0.10019709256190583
6,2095.0,,,97716.0,20.0,1.0,Airtel Money,Delivered,4.0,4.0,,N/A,260.0,505.0,0.7222728840111822,13.0,873.0,,Delivery Issue,,0.033795066946629745
7,4772.0,Thika,Home & Kitchen,57845.0,5.0,3.0,Mpesa,Delivered,6.0,2.0,4.0,N/A,212.0,582.0,0.802853199445674,12.0,621.0,0.0,,Flash Sale,0.15950897060401162
8,4092.0,Mombasa,Home & Kitchen,118495.0,0.0,3.0,Mpesa,Delivered,12.0,5.0,1.0,Late Delivery,210.0,576.0,0.8596923800378469,10.0,840.0,1.0,Other,Social Media Ads,0.11724980684810533
9,2638.0,Mombasa,Fashion,39524.0,20.0,4.0,Card,Delivered,2.0,1.0,1.0,N/A,253.0,559.0,0.8169302492786431,12.0,664.0,0.0,Product Issue,Holiday Promo,0.19671639317702483
10,3169.0,Thika,Baby Products,102816.0,5.0,1.0,Mpesa,,7.0,3.0,5.0,N/A,215.0,589.0,0.9417567630378,13.0,857.0,0.0,Payment Issue,Clearance,0.06291291543984875
11,1466.0,Kisumu,Phones & Tablets,98245.0,15.0,,Airtel Money,Cancelled,,5.0,4.0,Late Delivery,207.0,513.0,0.9362545913658968,17.0,881.0,,,Social Media Ads,0.04949585402304038
12,2238.0,Nakuru,Baby Products,13524.0,25.0,,Mpesa,Delivered,13.0,1.0,3.0,Late Delivery,258.0,,0.8774309958299342,18.0,536.0,1.0,Delivery Issue,Flash Sale,0.10751973543130426
13,1330.0,Nairobi,Electronics,41038.0,5.0,4.0,Card,Delivered,3.0,4.0,3.0,Damaged,256.0,553.0,0.8083028040884845,12.0,902.0,0.0,Other,None,0.23238049197241148
14,,Eldoret,Electronics,25450.0,10.0,4.0,Airtel Money,Returned,11.0,,4.0,N/A,,503.0,0.7740475483913407,15.0,200.0,0.0,Other,None,0.18050123560297882
15,3135.0,Nairobi,Beauty,64031.0,5.0,2.0,Mpesa,Delivered,2.0,2.0,5.0,Wrong Item,258.0,538.0,0.7307035522818075,19.0,718.0,,Product Issue,None,0.11054166995030047
16,4444.0,Eldoret,Groceries,49988.0,5.0,,Cash On Delivery,Delivered,11.0,2.0,2.0,Wrong Item,201.0,,0.8029203282111006,14.0,255.0,0.0,Product Issue,Flash Sale,0.13414532074103452
17,4171.0,Nairobi,Groceries,100229.0,25.0,2.0,Airtel Money,Failed Delivery,8.0,4.0,1.0,N/A,293.0,524.0,0.8198200299902386,15.0,228.0,0.0,Payment Issue,None,0.030211122682503602
18,3919.0,Thika,,,10.0,4.0,Airtel Money,Delivered,6.0,1.0,,N/A,293.0,576.0,0.8959886482801813,13.0,246.0,0.0,Account Issue,None,0.24629821513026715
19,4735.0,Nakuru,Computing,73809.0,20.0,2.0,Cash On Delivery,Cancelled,1.0,4.0,,Damaged,,531.0,0.8908663490462962,19.0,784.0,1.0,Account Issue,None,0.16993775312678056
20,1130.0,Eldoret,Baby Products,,20.0,3.0,Cash On Delivery,Failed Delivery,12.0,2.0,1.0,Damaged,209.0,558.0,0.7203313604959645,15.0,138.0,0.0,Payment Issue,Flash Sale,
21,2685.0,Kisumu,TV & Audio,8370.0,5.0,3.0,Airtel Money,Delivered,1.0,5.0,3.0,Wrong Item,,562.0,0.8146252014750357,16.0,848.0,,Account Issue,Social Media Ads,0.15059401461165864
22,4380.0,Nairobi,,8966.0,10.0,3.0,,Delivered,7.0,3.0,2.0,Poor Quality,210.0,537.0,0.7527158714930349,18.0,483.0,0.0,,None,0.036275767856558554
23,1769.0,Nairobi,TV & Audio,58061.0,10.0,3.0,,Delivered,8.0,4.0,3.0,N/A,278.0,591.0,0.7454756845418736,19.0,837.0,,,Social Media Ads,
24,3391.0,Eldoret,Beauty,36668.0,,3.0,Card,Delivered,5.0,4.0,4.0,Late Delivery,279.0,552.0,0.9399176234238014,16.0,797.0,0.0,Payment Issue,Social Media Ads,0.051948397092007825
25,2515.0,Kisumu,TV & Audio,7083.0,15.0,4.0,Card,Delivered,12.0,1.0,1.0,,280.0,593.0,0.7121554128477147,15.0,232.0,,Account Issue,Social Media Ads,0.1655272763332514
26,4485.0,Kisumu,,111830.0,20.0,4.0,Airtel Money,Cancelled,11.0,1.0,4.0,N/A,289.0,,0.8215630340116151,10.0,258.0,0.0,Other,Social Media Ads,0.0689090710093433
27,,,TV & Audio,42214.0,25.0,4.0,,Delivered,5.0,4.0,1.0,N/A,201.0,527.0,0.7487790601722902,11.0,,0.0,Product Issue,Flash Sale,0.18221473183564857
28,3433.0,Thika,Phones & Tablets,70807.0,,2.0,Cash On Delivery,Delivered,4.0,2.0,5.0,N/A,249.0,502.0,0.9550057625467574,10.0,179.0,0.0,Delivery Issue,,0.19643712813766745
29,2215.0,Thika,,,20.0,2.0,Mpesa,Failed Delivery,14.0,3.0,2.0,N/A,,597.0,0.8615417488497601,18.0,714.0,1.0,Other,Flash Sale,0.17162073493874383
30,1955.0,Thika,Baby Products,116193.0,25.0,2.0,,In Transit,6.0,1.0,5.0,N/A,289.0,,0.7671003845492859,19.0,62.0,0.0,Other,Holiday Promo,0.1574798704612462
31,3324.0,Thika,Fashion,111555.0,20.0,2.0,Cash On Delivery,Delivered,14.0,2.0,5.0,N/A,222.0,521.0,,19.0,683.0,0.0,Payment Issue,Clearance,0.22419258254848282
32,,Thika,Groceries,110916.0,15.0,3.0,Cash On Delivery,Delivered,6.0,5.0,4.0,N/A,217.0,,,18.0,920.0,1.0,Product Issue,Social Media Ads,0.028870410637541928
33,1459.0,Nakuru,Electronics,67826.0,0.0,3.0,Cash On Delivery,,3.0,,2.0,N/A,261.0,537.0,0.9778542225866358,16.0,781.0,1.0,Product Issue,Flash Sale,0.08941954378724684
34,4385.0,Kisumu,Baby Products,,,,Airtel Money,Delivered,9.0,2.0,1.0,N/A,295.0,571.0,0.7639293412311714,11.0,155.0,0.0,Delivery Issue,None,
35,1021.0,Thika,,46065.0,0.0,1.0,Cash On Delivery,Delivered,12.0,,1.0,Damaged,,571.0,0.9569927139175101,15.0,424.0,0.0,Payment Issue,None,0.24712335089570117
36,,Kisumu,Beauty,20256.0,5.0,4.0,Mpesa,Delivered,11.0,,3.0,N/A,237.0,561.0,0.9709481931085722,13.0,631.0,1.0,Delivery Issue,Flash Sale,0.10345354712004963
37,1747.0,Kisumu,Fashion,88195.0,25.0,2.0,Airtel Money,In Transit,,3.0,1.0,Wrong Item,266.0,556.0,0.9657619579142992,10.0,,1.0,Account Issue,Flash Sale,0.1858270478176957
38,3904.0,Mombasa,Home & Kitchen,46540.0,0.0,2.0,,Delivered,7.0,5.0,4.0,N/A,237.0,505.0,0.8842701634899538,10.0,,0.0,Other,,0.1743340393314411
39,4632.0,Nakuru,Groceries,,15.0,3.0,Mpesa,Delivered,1.0,2.0,5.0,N/A,266.0,577.0,0.8826479897860652,14.0,148.0,0.0,Delivery Issue,None,0.06089949699457065
40,1474.0,,Phones & Tablets,94570.0,20.0,2.0,Airtel Money,Delivered,13.0,2.0,5.0,N/A,293.0,,0.8169310836233086,11.0,643.0,0.0,Other,Social Media Ads,0.06735944325077231
41,2082.0,Nairobi,Home & Kitchen,5057.0,0.0,2.0,Cash On Delivery,Delivered,7.0,3.0,,Damaged,260.0,598.0,0.9181953858680985,13.0,636.0,,,Social Media Ads,0.07750829525272818
42,,Eldoret,Beauty,19397.0,25.0,4.0,Cash On Delivery,In Transit,,1.0,2.0,N/A,,509.0,0.8540752653217702,10.0,935.0,0.0,Account Issue,Flash Sale,0.108670546782251
43,,Nairobi,Baby Products,10695.0,0.0,3.0,,Cancelled,5.0,1.0,1.0,,293.0,502.0,0.8964570406562054,13.0,,0.0,Payment Issue,Social Media Ads,0.06623801575612642
44,3047.0,Nakuru,Phones & Tablets,16541.0,10.0,4.0,Airtel Money,Returned,14.0,4.0,4.0,N/A,244.0,558.0,0.8242527921161507,15.0,241.0,1.0,Account Issue,None,
45,4547.0,Eldoret,TV & Audio,104192.0,20.0,1.0,,Delivered,13.0,3.0,,N/A,295.0,575.0,0.9121339745725103,19.0,374.0,0.0,Account Issue,None,0.22105433363372692
46,3747.0,Nakuru,Phones & Tablets,27996.0,25.0,,,Delivered,2.0,4.0,,,227.0,548.0,0.9390967401053192,13.0,775.0,0.0,Other,Social Media Ads,0.24174635953141219
47,1975.0,Kisumu,Beauty,115954.0,25.0,1.0,,Delivered,4.0,3.0,4.0,N/A,220.0,558.0,0.7424665144148166,10.0,876.0,0.0,Payment Issue,Flash Sale,0.0919768928875763
48,,Eldoret,Computing,70780.0,,3.0,Cash On Delivery,Delivered,12.0,5.0,4.0,N/A,212.0,530.0,0.9415496175165261,16.0,,0.0,,Flash Sale,0.09124165106211347
49,1189.0,Kisumu,TV & Audio,46463.0,15.0,2.0,Card,Delivered,6.0,2.0,4.0,N/A,226.0,592.0,0.8566859942191891,,,0.0,Delivery Issue,Flash Sale,0.011702035065849038
50,,Nairobi,Electronics,20116.0,5.0,,Card,Returned,10.0,5.0,5.0,Wrong Item,299.0,568.0,0.9449531136361651,18.0,416.0,0.0,Payment Issue,Clearance,0.17326016519928977
51,3734.0,Nairobi,Groceries,50140.0,25.0,3.0,Mpesa,Delivered,11.0,3.0,4.0,N/A,206.0,561.0,0.8250774948388941,,367.0,0.0,,Flash Sale,0.2081055749796709
52,4005.0,Eldoret,Electronics,102847.0,20.0,2.0,Airtel Money,Delivered,7.0,,1.0,N/A,221.0,551.0,,17.0,193.0,0.0,Product Issue,Clearance,
53,1562.0,Eldoret,Phones & Tablets,,0.0,4.0,Airtel Money,Delivered,11.0,1.0,4.0,N/A,273.0,588.0,0.9653676124299945,17.0,433.0,1.0,Product Issue,Holiday Promo,0.048319923848116175
54,2899.0,Thika,Electronics,25217.0,0.0,1.0,Mpesa,Delivered,5.0,1.0,5.0,Poor Quality,252.0,,0.7728390875890363,12.0,,0.0,Product Issue,,0.19961997999314507
55,4638.0,Nakuru,Beauty,,20.0,4.0,Airtel Money,Delivered,9.0,4.0,4.0,N/A,278.0,,0.9448215743329815,13.0,410.0,0.0,Payment Issue,Social Media Ads,0.15790977960499472
56,2267.0,Thika,,21866.0,25.0,1.0,Card,Failed Delivery,3.0,3.0,3.0,N/A,278.0,584.0,0.8403659660277272,11.0,373.0,1.0,Payment Issue,None,0.020766533830652082
57,3879.0,Nakuru,Groceries,75752.0,0.0,3.0,Cash On Delivery,In Transit,,3.0,3.0,N/A,203.0,583.0,0.8490876783398653,13.0,64.0,,Delivery Issue,,0.1594112777109476
58,2528.0,Thika,Electronics,63123.0,0.0,1.0,Mpesa,Failed Delivery,4.0,1.0,5.0,N/A,295.0,,0.7894558016319504,18.0,266.0,0.0,Account Issue,Flash Sale,0.08414025348250384
59,4202.0,Kisumu,Electronics,21106.0,0.0,3.0,Cash On Delivery,Delivered,9.0,5.0,1.0,N/A,222.0,503.0,0.8661822381795146,11.0,,1.0,Delivery Issue,None,0.09849403731300302
60,4556.0,Eldoret,Phones & Tablets,75820.0,15.0,4.0,Airtel Money,Delivered,4.0,2.0,1.0,N/A,269.0,512.0,0.7943112469201012,12.0,,0.0,,,0.19473554039125124
61,4890.0,Nairobi,Baby Products,2059.0,15.0,3.0,Cash On Delivery,Delivered,2.0,5.0,,N/A,287.0,,0.7113881301300792,13.0,232.0,0.0,Delivery Issue,Social Media Ads,0.20462444624142656
62,1646.0,Nakuru,,42249.0,10.0,4.0,Airtel Money,Delivered,,5.0,5.0,Damaged,283.0,541.0,0.7788795955498632,14.0,319.0,0.0,Account Issue,Holiday Promo,0.10608559044155935
63,3068.0,,Electronics,92674.0,5.0,2.0,Airtel Money,In Transit,,1.0,4.0,N/A,283.0,,0.7018499225879112,10.0,994.0,,Payment Issue,None,0.23731670464152513
64,3888.0,Nairobi,Beauty,2782.0,20.0,2.0,Card,Delivered,14.0,1.0,5.0,N/A,275.0,519.0,0.9837228882464883,16.0,516.0,0.0,Delivery Issue,,0.10755105230849732
65,3214.0,Thika,Computing,24742.0,20.0,2.0,Airtel Money,Delivered,5.0,1.0,2.0,N/A,232.0,576.0,0.9800666908477267,19.0,919.0,0.0,,Clearance,0.19524064845522637
66,2297.0,Nakuru,Groceries,34019.0,20.0,3.0,Card,,3.0,,5.0,N/A,,580.0,0.8145950362669684,,661.0,0.0,,None,0.12613054349542216
67,3435.0,,Electronics,58366.0,10.0,2.0,,,13.0,5.0,5.0,N/A,207.0,553.0,0.9112275477584973,18.0,568.0,0.0,Payment Issue,Flash Sale,0.22540775836530016
68,1600.0,,Beauty,93801.0,15.0,1.0,Card,Cancelled,,3.0,2.0,Poor Quality,200.0,535.0,0.8002837685390232,13.0,591.0,0.0,Delivery Issue,,0.22786269847604287
69,,Nairobi,Beauty,2379.0,25.0,4.0,Mpesa,Delivered,13.0,2.0,1.0,Late Delivery,236.0,596.0,0.894617015554933,15.0,516.0,0.0,Account Issue,None,0.030980033889060128
70,3061.0,Eldoret,,3017.0,25.0,4.0,Mpesa,,9.0,4.0,4.0,Late Delivery,262.0,,0.9335747124833339,11.0,354.0,0.0,Payment Issue,None,0.23475839951445418
71,1241.0,Nakuru,Home & Kitchen,,10.0,1.0,Airtel Money,Delivered,4.0,3.0,2.0,,221.0,514.0,0.9745593109607498,13.0,193.0,0.0,Delivery Issue,None,0.20812836196489976
72,,Nakuru,Beauty,28252.0,25.0,3.0,Card,Delivered,6.0,,3.0,N/A,269.0,576.0,0.8160615599964048,11.0,160.0,0.0,Other,,0.19991457143504004
73,3824.0,Nairobi,Computing,86744.0,20.0,,Mpesa,Returned,2.0,,1.0,Late Delivery,,516.0,0.9271564150572538,19.0,,0.0,Product Issue,Flash Sale,0.05821872152452538
74,,,Beauty,42760.0,5.0,4.0,Card,In Transit,6.0,5.0,3.0,N/A,,523.0,0.7771192506833144,14.0,740.0,,Account Issue,None,0.2032286101011196
75,3612.0,Mombasa,Beauty,90697.0,0.0,2.0,Cash On Delivery,,,,1.0,N/A,234.0,557.0,0.987196368100158,16.0,633.0,0.0,Account Issue,Social Media Ads,0.21403185632440883
76,3945.0,,Beauty,73147.0,15.0,3.0,Cash On Delivery,Returned,12.0,4.0,4.0,N/A,278.0,,0.7074731836416618,10.0,771.0,1.0,,Social Media Ads,0.07939608026899622
77,2363.0,Mombasa,Home & Kitchen,93907.0,15.0,3.0,Cash On Delivery,Delivered,12.0,4.0,4.0,N/A,204.0,590.0,0.875023353885325,19.0,781.0,1.0,Product Issue,,0.2385424188069577
78,3139.0,,,89406.0,10.0,,Airtel Money,,9.0,2.0,5.0,N/A,259.0,522.0,0.8912567346788849,19.0,641.0,0.0,Delivery Issue,None,0.02196643513579942
79,2390.0,Mombasa,Beauty,18749.0,,1.0,Card,Delivered,11.0,3.0,3.0,Poor Quality,245.0,545.0,0.8995332115514973,,549.0,0.0,Payment Issue,None,0.04597822077931352
80,4003.0,Kisumu,Baby Products,33836.0,20.0,2.0,Cash On Delivery,Delivered,2.0,3.0,1.0,,249.0,571.0,0.7349123978488358,,644.0,,Delivery Issue,None,0.13901947313236343
81,2478.0,Thika,Electronics,64377.0,25.0,3.0,Mpesa,In Transit,12.0,4.0,4.0,Damaged,247.0,507.0,0.9721736372072078,15.0,603.0,0.0,Payment Issue,Holiday Promo,0.14819019306935433
82,4499.0,Mombasa,Home & Kitchen,38558.0,20.0,,Cash On Delivery,Delivered,12.0,,2.0,N/A,205.0,,0.752543150924524,15.0,322.0,1.0,Account Issue,Flash Sale,0.1648360199922168
83,3556.0,,Fashion,48602.0,10.0,1.0,Cash On Delivery,In Transit,9.0,1.0,4.0,N/A,288.0,589.0,0.8805984869395539,17.0,752.0,0.0,Delivery Issue,Holiday Promo,0.01407259103571195
84,1775.0,Mombasa,Electronics,29165.0,20.0,3.0,Cash On Delivery,Delivered,5.0,3.0,2.0,Damaged,255.0,558.0,0.7645760629456946,17.0,,0.0,Account Issue,None,
85,1034.0,Kisumu,Electronics,6945.0,25.0,4.0,Airtel Money,Delivered,8.0,2.0,1.0,Poor Quality,258.0,512.0,0.7890927609361685,15.0,56.0,0.0,Other,None,0.020701142256194557
86,3253.0,Mombasa,,38300.0,5.0,1.0,Mpesa,Cancelled,2.0,3.0,4.0,N/A,228.0,,0.858472977101156,12.0,204.0,0.0,Account Issue,Social Media Ads,0.04433486865361657
87,,Mombasa,Phones & Tablets,,10.0,2.0,Card,,6.0,1.0,,N/A,270.0,527.0,0.8209860913837271,,571.0,1.0,Account Issue,Flash Sale,0.013363484206253676
88,2955.0,Mombasa,TV & Audio,11785.0,5.0,1.0,Mpesa,Delivered,3.0,,,N/A,276.0,588.0,0.7464654242831867,,,,Payment Issue,Holiday Promo,0.14604602399058272
89,2585.0,Nairobi,Computing,38865.0,0.0,3.0,Card,Delivered,12.0,4.0,4.0,N/A,217.0,,0.749571556702046,14.0,597.0,0.0,Other,Social Media Ads,0.23374405214103333
90,4943.0,Nairobi,Phones & Tablets,25822.0,5.0,2.0,Airtel Money,Delivered,12.0,1.0,2.0,Wrong Item,201.0,,0.8212619885672119,18.0,970.0,1.0,Account Issue,None,0.1698273198593114
91,4459.0,Nairobi,Groceries,119914.0,0.0,,Airtel Money,Delivered,14.0,2.0,4.0,N/A,207.0,501.0,0.9196120636998952,19.0,567.0,0.0,Account Issue,Social Media Ads,0.20743779243530255
92,4073.0,Kisumu,Groceries,65455.0,0.0,4.0,Airtel Money,Delivered,10.0,4.0,3.0,N/A,274.0,581.0,0.9604097475858586,10.0,969.0,,Other,Holiday Promo,0.01318748883005922
93,2021.0,Thika,Home & Kitchen,,5.0,4.0,Airtel Money,Cancelled,5.0,5.0,5.0,N/A,296.0,516.0,0.7243970220552209,,963.0,0.0,Other,Social Media Ads,0.14008367163513427
94,4461.0,Nakuru,Phones & Tablets,52787.0,10.0,1.0,,Delivered,12.0,4.0,2.0,N/A,253.0,529.0,0.8140001331922263,14.0,264.0,,Delivery Issue,Flash Sale,
95,3613.0,Mombasa,,,25.0,4.0,Cash On Delivery,Cancelled,8.0,5.0,3.0,N/A,237.0,512.0,0.7290712134796342,15.0,183.0,0.0,Payment Issue,None,0.12975230661299034
96,2129.0,Mombasa,Groceries,41106.0,20.0,4.0,Card,Delivered,10.0,1.0,1.0,,247.0,595.0,0.7048118193834534,16.0,334.0,0.0,Other,,0.027331164480445105
97,4843.0,,Beauty,,20.0,4.0,Mpesa,Delivered,14.0,1.0,2.0,N/A,226.0,592.0,0.8918984179667474,18.0,175.0,0.0,,Social Media Ads,0.1742644866566338
98,4893.0,Mombasa,Baby Products,78923.0,25.0,2.0,Airtel Money,Cancelled,1.0,4.0,5.0,Damaged,219.0,593.0,0.8747103381703104,15.0,970.0,0.0,,Holiday Promo,0.13077289956607227
99,2500.0,Nairobi,Electronics,103477.0,0.0,4.0,Airtel Money,Delivered,5.0,3.0,,,211.0,581.0,0.7472755430063169,14.0,488.0,,Other,None,0.19363572396670337
100,1702.0,Nakuru,Computing,100085.0,0.0,4.0,Mpesa,Delivered,3.0,5.0,1.0,N/A,242.0,512.0,0.7678057215969886,16.0,898.0,0.0,Payment Issue,None,0.12646975217481168
101,3449.0,Eldoret,Beauty,75929.0,10.0,4.0,Card,Delivered,4.0,,1.0,Wrong Item,260.0,,0.7068752485569103,10.0,735.0,0.0,Account Issue,None,0.0458515926943437
102,3777.0,,Beauty,52903.0,15.0,2.0,Cash On Delivery,Failed Delivery,2.0,4.0,2.0,N/A,230.0,584.0,0.942134689651377,,201.0,0.0,Account Issue,Clearance,
103,2579.0,Nairobi,Phones & Tablets,113026.0,5.0,1.0,Cash On Delivery,,,2.0,,N/A,290.0,593.0,0.9826602728540799,11.0,,,Account Issue,Holiday Promo,0.0513727269052399
104,1161.0,Eldoret,Home & Kitchen,,,3.0,Mpesa,Delivered,3.0,4.0,1.0,N/A,295.0,520.0,0.7392832656704603,13.0,587.0,0.0,Account Issue,,0.21937469520515557
105,1201.0,Nakuru,Computing,106247.0,,4.0,Cash On Delivery,Delivered,2.0,3.0,4.0,Late Delivery,260.0,554.0,0.7671278119919365,16.0,432.0,1.0,Product Issue,,0.15714789737661797
106,2981.0,Eldoret,Groceries,26699.0,10.0,1.0,,Delivered,10.0,3.0,3.0,N/A,273.0,580.0,,14.0,164.0,0.0,Other,Flash Sale,0.04772893205366902
107,,Nairobi,,85682.0,5.0,4.0,Card,Returned,11.0,3.0,5.0,Poor Quality,266.0,539.0,0.9686745014072936,15.0,943.0,0.0,Account Issue,Social Media Ads,0.24096113379548964
108,3317.0,Thika,Groceries,,10.0,2.0,Mpesa,Cancelled,9.0,3.0,4.0,,290.0,582.0,0.8216919410139749,11.0,531.0,0.0,Delivery Issue,None,0.13440771120047695
109,4934.0,Thika,Phones & Tablets,109875.0,5.0,1.0,Card,Delivered,7.0,1.0,5.0,Damaged,234.0,514.0,0.7146805169580315,12.0,333.0,,Account Issue,None,
110,1815.0,Eldoret,Phones & Tablets,115820.0,5.0,2.0,Airtel Money,Delivered,,1.0,4.0,N/A,294.0,572.0,0.7114236317709176,16.0,,0.0,Other,,0.16043989705961614
111,,Kisumu,Phones & Tablets,111204.0,25.0,4.0,Mpesa,Delivered,1.0,5.0,3.0,N/A,214.0,,0.866445461160013,11.0,124.0,0.0,Account Issue,Social Media Ads,0.07076773768307446
112,1455.0,Eldoret,Home & Kitchen,76834.0,0.0,4.0,Card,Cancelled,5.0,2.0,1.0,N/A,,573.0,0.8139395815790219,15.0,215.0,0.0,Product Issue,Flash Sale,
113,4533.0,Mombasa,Phones & Tablets,55406.0,10.0,2.0,Mpesa,Returned,,4.0,3.0,N/A,212.0,,0.7083092039975197,14.0,238.0,0.0,Payment Issue,None,0.20627729765588576
114,4798.0,Mombasa,,112899.0,10.0,3.0,Cash On Delivery,,11.0,,1.0,N/A,234.0,,0.8691431937706414,19.0,127.0,1.0,,,0.24494736540511886
115,2275.0,Thika,Baby Products,30978.0,25.0,2.0,Card,Delivered,14.0,1.0,1.0,N/A,,586.0,0.7032777356108165,,996.0,0.0,Other,Clearance,0.1304486874458809
116,2016.0,Kisumu,Groceries,76518.0,20.0,4.0,Airtel Money,Delivered,11.0,4.0,5.0,Wrong Item,258.0,551.0,0.9283378678632892,19.0,651.0,0.0,Payment Issue,Holiday Promo,0.1191896511346569
117,4773.0,,Electronics,63530.0,20.0,2.0,Card,Failed Delivery,3.0,1.0,3.0,N/A,220.0,529.0,0.7888655185839777,,737.0,1.0,Payment Issue,None,0.19083414530715534
118,3343.0,,TV & Audio,114984.0,,3.0,Mpesa,,1.0,5.0,4.0,Late Delivery,,532.0,0.7116748208726773,11.0,70.0,0.0,Delivery Issue,None,0.04179295752206238
119,4796.0,Thika,Computing,74355.0,,2.0,Mpesa,,4.0,2.0,3.0,N/A,274.0,556.0,0.8706221440851144,,,0.0,Other,Clearance,0.1412597233103498
120,3767.0,Nakuru,Home & Kitchen,,15.0,3.0,Card,Delivered,13.0,5.0,5.0,Damaged,229.0,551.0,0.8153284801855858,10.0,233.0,0.0,Other,Social Media Ads,0.14109942403140424
121,4820.0,Thika,Electronics,,25.0,3.0,Airtel Money,Delivered,2.0,3.0,1.0,N/A,,508.0,,11.0,920.0,0.0,Payment Issue,Flash Sale,0.031473549474492934
122,1337.0,Mombasa,Beauty,85530.0,20.0,2.0,Airtel Money,Delivered,2.0,3.0,5.0,N/A,234.0,553.0,0.8578176121260737,17.0,271.0,0.0,Payment Issue,Flash Sale,0.11031618052165924
123,1878.0,Mombasa,,69136.0,5.0,2.0,Airtel Money,Delivered,,,2.0,N/A,285.0,500.0,0.7798193625007324,15.0,876.0,0.0,Payment Issue,None,0.21478835165612847
124,,Thika,TV & Audio,72558.0,10.0,1.0,Mpesa,,,5.0,2.0,Damaged,237.0,543.0,0.9057372707438527,11.0,377.0,0.0,Product Issue,None,
125,1791.0,Nairobi,Electronics,40286.0,0.0,4.0,Card,Returned,,4.0,4.0,N/A,230.0,,,15.0,228.0,0.0,Account Issue,None,0.03381703958072344
126,4993.0,Eldoret,Electronics,24460.0,,3.0,Cash On Delivery,Delivered,,2.0,5.0,N/A,277.0,574.0,0.962230554508194,19.0,837.0,0.0,,Flash Sale,0.03177301185947941
127,3264.0,Mombasa,Fashion,85895.0,10.0,1.0,Mpesa,Delivered,,3.0,4.0,N/A,223.0,597.0,0.8086693714471391,18.0,161.0,1.0,Other,None,0.07304691448046446
128,1763.0,Thika,TV & Audio,101658.0,15.0,2.0,Airtel Money,Delivered,6.0,3.0,4.0,,248.0,579.0,0.8594618832050995,16.0,785.0,0.0,Delivery Issue,Holiday Promo,0.21994385501295843
129,3235.0,Thika,,79411.0,20.0,4.0,Card,Failed Delivery,9.0,3.0,2.0,N/A,295.0,508.0,0.7146662001090264,18.0,775.0,0.0,Account Issue,Holiday Promo,0.04093662041763974
130,1379.0,Kisumu,Phones & Tablets,65229.0,0.0,1.0,Airtel Money,Returned,4.0,,4.0,N/A,299.0,531.0,0.8235751590061469,14.0,108.0,0.0,Delivery Issue,,0.18279923263058712
131,1492.0,Eldoret,Groceries,73806.0,10.0,3.0,Cash On Delivery,Delivered,12.0,3.0,2.0,N/A,231.0,514.0,0.9413854265016885,16.0,376.0,0.0,Other,Flash Sale,0.03427974870714477
132,4112.0,Nakuru,Beauty,35211.0,0.0,,Airtel Money,Failed Delivery,1.0,2.0,1.0,N/A,254.0,511.0,,16.0,954.0,1.0,Other,None,0.1595530848994781
133,2180.0,Nairobi,Phones & Tablets,87427.0,5.0,3.0,Airtel Money,Delivered,8.0,3.0,5.0,N/A,278.0,596.0,0.7650523820675226,12.0,670.0,0.0,Delivery Issue,,0.09545615178859475
134,3062.0,Nakuru,,32121.0,15.0,2.0,Cash On Delivery,Delivered,7.0,5.0,4.0,Poor Quality,257.0,577.0,0.7655629305930631,16.0,946.0,0.0,Delivery Issue,Flash Sale,0.1993393511118081
135,4884.0,,,75339.0,5.0,4.0,Card,Cancelled,7.0,5.0,2.0,Damaged,298.0,556.0,,10.0,718.0,0.0,Delivery Issue,Flash Sale,0.06608570771808726
136,1064.0,Eldoret,Computing,,0.0,,Mpesa,In Transit,3.0,2.0,3.0,Late Delivery,202.0,507.0,0.9698155418491043,18.0,240.0,0.0,Other,Flash Sale,0.16340843905359037
137,4928.0,Eldoret,Computing,113753.0,0.0,4.0,Card,Cancelled,4.0,5.0,4.0,,279.0,571.0,0.727654667169171,19.0,249.0,0.0,Payment Issue,Flash Sale,0.06656380829821239
138,4910.0,Nakuru,Groceries,84758.0,20.0,2.0,Cash On Delivery,Delivered,10.0,2.0,,N/A,268.0,526.0,0.8305170054336053,,,0.0,Delivery Issue,Social Media Ads,0.1812784679469169
139,3568.0,Eldoret,TV & Audio,12475.0,10.0,3.0,Airtel Money,Delivered,9.0,5.0,1.0,,284.0,561.0,0.7978617408996264,14.0,757.0,0.0,Account Issue,None,0.21968272829457972
140,2367.0,,Fashion,119535.0,,2.0,Card,In Transit,6.0,5.0,3.0,Poor Quality,209.0,511.0,,16.0,84.0,0.0,,,0.040432431790422406
141,2152.0,Nakuru,TV & Audio,55071.0,5.0,4.0,Mpesa,Delivered,5.0,2.0,2.0,N/A,282.0,564.0,0.7242222252572054,14.0,428.0,0.0,,Flash Sale,0.21798296526292085
142,,,Fashion,106960.0,15.0,2.0,Cash On Delivery,Delivered,3.0,4.0,4.0,Damaged,224.0,541.0,0.7612265233418308,,436.0,1.0,Product Issue,Social Media Ads,0.1524580610594315
143,3695.0,,TV & Audio,,25.0,2.0,Card,Delivered,9.0,5.0,2.0,,267.0,561.0,,,807.0,0.0,Account Issue,None,
144,2495.0,,Baby Products,113674.0,10.0,2.0,Mpesa,Delivered,5.0,3.0,,N/A,260.0,510.0,0.7148752162045525,19.0,,0.0,Payment Issue,Holiday Promo,0.11261004528633087
145,4134.0,Eldoret,Home & Kitchen,66658.0,20.0,3.0,Cash On Delivery,Delivered,5.0,4.0,2.0,N/A,,542.0,0.8428352604071438,16.0,665.0,0.0,Delivery Issue,Holiday Promo,0.04860647043642349
146,2162.0,Nakuru,Home & Kitchen,17627.0,5.0,1.0,Mpesa,In Transit,14.0,2.0,1.0,Damaged,218.0,594.0,0.8282110400571188,19.0,568.0,0.0,,Social Media Ads,0.17808349332797668
147,2522.0,Mombasa,Phones & Tablets,47357.0,5.0,1.0,Cash On Delivery,Delivered,4.0,4.0,2.0,,242.0,516.0,0.796976341906737,16.0,332.0,0.0,Delivery Issue,Clearance,0.19212835226030792
148,3640.0,Eldoret,Home & Kitchen,6450.0,25.0,2.0,Airtel Money,Delivered,14.0,1.0,3.0,N/A,,596.0,0.8144259714424879,12.0,50.0,1.0,Other,Flash Sale,0.035391164865471746
149,1391.0,Mombasa,Home & Kitchen,4725.0,20.0,,,Delivered,4.0,1.0,5.0,N/A,273.0,531.0,0.8536827702097676,12.0,780.0,0.0,Product Issue,None,0.13147356464671464
150,,Thika,Beauty,16332.0,15.0,1.0,Mpesa,In Transit,12.0,5.0,3.0,N/A,,592.0,,,513.0,1.0,Delivery Issue,Social Media Ads,0.20551001344622014
151,1418.0,Kisumu,Beauty,2498.0,20.0,2.0,,,1.0,5.0,3.0,N/A,242.0,584.0,0.8658788047022419,12.0,279.0,0.0,Account Issue,Social Media Ads,0.23467912997223916
152,3336.0,Nairobi,Phones & Tablets,60800.0,15.0,,,Delivered,7.0,3.0,5.0,Poor Quality,224.0,584.0,0.933575375496996,15.0,221.0,0.0,Payment Issue,None,0.1332442880180248
153,1378.0,Kisumu,Groceries,53694.0,20.0,4.0,Mpesa,In Transit,9.0,4.0,5.0,N/A,219.0,539.0,0.9204466696391461,15.0,136.0,,Account Issue,None,0.2380670136667377
154,2796.0,Eldoret,Beauty,20379.0,20.0,1.0,Card,In Transit,,1.0,4.0,N/A,247.0,522.0,0.7446309723611944,12.0,602.0,0.0,,Clearance,0.13856535290944716
155,4561.0,Mombasa,Groceries,36520.0,0.0,3.0,Airtel Money,In Transit,,5.0,4.0,N/A,282.0,555.0,0.7432823462250274,12.0,172.0,0.0,,Holiday Promo,0.1046057187039779
156,3278.0,Mombasa,Electronics,42174.0,,,Mpesa,,13.0,4.0,3.0,Poor Quality,286.0,505.0,0.7777705666460248,17.0,892.0,0.0,Delivery Issue,Flash Sale,0.21356875085269492
157,,Nakuru,Beauty,14159.0,20.0,4.0,Cash On Delivery,Delivered,2.0,5.0,3.0,N/A,223.0,585.0,0.8047116706389008,17.0,347.0,1.0,Payment Issue,Flash Sale,0.12831585050994138
158,3088.0,Mombasa,Baby Products,50760.0,25.0,3.0,Cash On Delivery,Returned,,5.0,1.0,N/A,210.0,549.0,0.8184521186084599,,934.0,1.0,Product Issue,,0.12325660253548552
159,4099.0,Nakuru,Phones & Tablets,31719.0,20.0,1.0,Airtel Money,Delivered,1.0,1.0,1.0,N/A,,536.0,,19.0,978.0,0.0,Other,None,0.12767499745835878
160,3182.0,,Electronics,119165.0,10.0,4.0,Cash On Delivery,In Transit,,1.0,4.0,N/A,254.0,563.0,0.7164373253280922,13.0,739.0,0.0,Account Issue,None,0.2132284004487389
161,1200.0,Nairobi,Baby Products,9005.0,5.0,2.0,Airtel Money,Cancelled,11.0,5.0,4.0,,227.0,553.0,0.7100550842255592,13.0,624.0,0.0,Account Issue,Social Media Ads,0.2096659700051325
162,2863.0,Eldoret,Baby Products,43180.0,,,Cash On Delivery,Returned,11.0,,1.0,Damaged,268.0,571.0,0.8136540632537336,12.0,533.0,0.0,Account Issue,Flash Sale,0.10684479818565068
163,1779.0,Nakuru,Baby Products,23536.0,5.0,2.0,Card,Cancelled,7.0,5.0,1.0,N/A,262.0,548.0,0.9021774707200143,14.0,214.0,,Delivery Issue,Flash Sale,0.089991966368926
164,3977.0,Nairobi,Groceries,88255.0,10.0,1.0,Mpesa,Delivered,11.0,5.0,2.0,N/A,258.0,598.0,0.75609624945738,12.0,748.0,0.0,Account Issue,None,0.128062725769391
165,4104.0,Mombasa,TV & Audio,85814.0,20.0,3.0,Card,,11.0,3.0,,N/A,204.0,510.0,0.886036299564313,,432.0,0.0,Other,Social Media Ads,
166,4119.0,Mombasa,,103445.0,20.0,1.0,Mpesa,Failed Delivery,2.0,3.0,1.0,N/A,250.0,,0.7753501600026869,16.0,258.0,0.0,Other,Social Media Ads,0.06720093055071927
167,1502.0,Nairobi,Fashion,15658.0,0.0,1.0,Mpesa,In Transit,8.0,3.0,,N/A,220.0,548.0,0.9569649715559198,12.0,788.0,0.0,Payment Issue,None,0.20054922033174175
168,,Mombasa,Electronics,,25.0,4.0,,Delivered,14.0,2.0,5.0,N/A,211.0,520.0,0.9597500838373187,18.0,481.0,0.0,Delivery Issue,None,0.1267558637757815
169,4645.0,,TV & Audio,95214.0,10.0,2.0,Card,Delivered,6.0,2.0,4.0,Poor Quality,249.0,565.0,0.7862132892415846,14.0,438.0,0.0,Other,None,0.09017093162079029
170,2751.0,Thika,Electronics,103170.0,,3.0,Mpesa,Delivered,14.0,5.0,4.0,N/A,203.0,562.0,0.7666981886493397,,609.0,0.0,Product Issue,Flash Sale,0.03563703831135775
171,1804.0,Nairobi,Home & Kitchen,77218.0,0.0,1.0,Card,Cancelled,4.0,3.0,,N/A,241.0,,0.819278151899207,,273.0,0.0,Delivery Issue,None,0.06732283849686566
172,3146.0,Nakuru,Fashion,119479.0,10.0,1.0,Airtel Money,In Transit,5.0,2.0,3.0,N/A,283.0,527.0,0.769754159702243,,52.0,0.0,Delivery Issue,None,0.2378274812214361
173,,Nakuru,TV & Audio,116543.0,10.0,3.0,Cash On Delivery,Delivered,8.0,1.0,1.0,Poor Quality,237.0,516.0,0.894991314554594,15.0,421.0,0.0,Other,Clearance,0.08322392483668638
174,2895.0,Nairobi,Groceries,14896.0,0.0,1.0,Cash On Delivery,Delivered,14.0,5.0,2.0,N/A,224.0,505.0,0.9395587585190028,11.0,736.0,0.0,Product Issue,Social Media Ads,
175,3773.0,Nakuru,Computing,33872.0,20.0,4.0,Mpesa,In Transit,3.0,4.0,3.0,N/A,213.0,518.0,0.8951967179642529,18.0,495.0,0.0,,Holiday Promo,0.12056146999719836
176,2570.0,Nakuru,TV & Audio,,10.0,4.0,,Cancelled,,5.0,2.0,Damaged,274.0,555.0,0.9390616297023113,15.0,660.0,0.0,Other,None,0.08370105840645968
177,1960.0,Thika,Phones & Tablets,1579.0,20.0,4.0,Cash On Delivery,Delivered,14.0,4.0,5.0,,231.0,527.0,0.8151277270401674,17.0,165.0,0.0,Product Issue,Flash Sale,0.018438220065086598
178,4810.0,Nakuru,TV & Audio,63497.0,0.0,4.0,Card,Delivered,14.0,3.0,2.0,Damaged,210.0,565.0,0.7453319215055696,10.0,319.0,0.0,Delivery Issue,Social Media Ads,0.08755485214706013
179,3660.0,Kisumu,,111796.0,20.0,1.0,Card,Delivered,11.0,4.0,5.0,N/A,260.0,537.0,0.9140057747453016,14.0,,,Product Issue,Flash Sale,0.14058606974547247
180,2485.0,Eldoret,Computing,62816.0,5.0,3.0,Mpesa,,4.0,3.0,5.0,Damaged,217.0,536.0,,10.0,417.0,,Delivery Issue,None,0.14241096928479208
181,3690.0,Mombasa,,7383.0,15.0,,Cash On Delivery,Delivered,1.0,1.0,2.0,Damaged,226.0,567.0,,19.0,302.0,0.0,Other,Flash Sale,0.09557414108245328
182,4840.0,Kisumu,Computing,109697.0,10.0,3.0,Mpesa,Cancelled,9.0,4.0,2.0,,254.0,585.0,0.778486743174712,17.0,366.0,0.0,Other,,0.11735266150062414
183,,,Phones & Tablets,,25.0,3.0,Mpesa,In Transit,,5.0,5.0,N/A,253.0,589.0,0.723556594093935,17.0,464.0,0.0,Account Issue,Social Media Ads,0.24172430037634393
184,4289.0,Thika,Groceries,30275.0,15.0,2.0,Cash On Delivery,Delivered,8.0,3.0,3.0,N/A,281.0,548.0,0.9878487206914514,10.0,144.0,1.0,Account Issue,None,0.10056363453527478
185,1502.0,Nairobi,Home & Kitchen,,20.0,3.0,Cash On Delivery,Returned,14.0,5.0,5.0,,286.0,542.0,0.7452984372998738,18.0,834.0,0.0,Account Issue,Clearance,0.07197443518239591
186,3814.0,Nakuru,Home & Kitchen,48585.0,10.0,2.0,Airtel Money,Delivered,10.0,,,N/A,274.0,535.0,0.9866420882494095,11.0,941.0,1.0,Other,Flash Sale,0.06843209057602243
187,1397.0,Thika,Baby Products,19363.0,20.0,2.0,Airtel Money,Delivered,6.0,3.0,5.0,N/A,220.0,557.0,0.9834111804442698,18.0,73.0,0.0,Payment Issue,None,0.1198635070489922
188,1870.0,Eldoret,Computing,67942.0,5.0,4.0,Card,Delivered,7.0,4.0,3.0,N/A,,512.0,0.9302072501333315,10.0,677.0,0.0,Other,,0.19228483569206659
189,,Nakuru,Beauty,90393.0,0.0,2.0,Cash On Delivery,Delivered,6.0,3.0,4.0,N/A,204.0,551.0,,19.0,712.0,0.0,Product Issue,None,0.05943716420523357
190,1392.0,Nairobi,Computing,114690.0,10.0,1.0,Airtel Money,Cancelled,9.0,,1.0,N/A,286.0,557.0,,,899.0,0.0,Other,Flash Sale,0.18023107051378434
191,1206.0,Thika,Baby Products,86443.0,5.0,2.0,Card,Failed Delivery,3.0,1.0,1.0,N/A,240.0,531.0,0.951169448159572,13.0,99.0,,Other,Social Media Ads,0.015075957603859907
192,2038.0,Thika,Electronics,37899.0,5.0,4.0,Card,Delivered,14.0,3.0,3.0,N/A,,580.0,0.7839374612696515,18.0,551.0,0.0,Delivery Issue,Clearance,0.11054391471614704
193,2881.0,Thika,Computing,52220.0,,2.0,Card,Delivered,3.0,4.0,5.0,N/A,288.0,599.0,0.8356275516206143,16.0,767.0,0.0,Delivery Issue,Flash Sale,0.19620761564866884
194,,Eldoret,Groceries,28829.0,20.0,1.0,Airtel Money,In Transit,3.0,2.0,2.0,N/A,253.0,559.0,0.8796230911162856,15.0,547.0,0.0,Delivery Issue,None,0.09129590938586353
195,3939.0,Nakuru,Baby Products,36254.0,25.0,,Cash On Delivery,Delivered,10.0,1.0,3.0,N/A,273.0,582.0,,14.0,384.0,0.0,,Social Media Ads,0.14529690434689588
196,2484.0,Eldoret,Electronics,28156.0,5.0,1.0,Mpesa,Delivered,3.0,2.0,4.0,,221.0,557.0,,18.0,128.0,0.0,Payment Issue,None,
197,4762.0,Mombasa,Fashion,,15.0,4.0,Card,Cancelled,9.0,,4.0,N/A,282.0,598.0,0.7957825535756045,11.0,631.0,0.0,Product Issue,Holiday Promo,0.18807889387028134
198,4646.0,Mombasa,Baby Products,78644.0,5.0,4.0,Airtel Money,Delivered,12.0,5.0,1.0,N/A,264.0,555.0,,11.0,76.0,0.0,,Holiday Promo,0.02254698478450231
199,1863.0,Nakuru,Fashion,35667.0,25.0,3.0,Airtel Money,Delivered,4.0,5.0,,N/A,263.0,527.0,,18.0,320.0,0.0,Payment Issue,Holiday Promo,0.2146102347701201
200,3790.0,Eldoret,Home & Kitchen,102637.0,20.0,4.0,Mpesa,Delivered,13.0,4.0,3.0,N/A,270.0,500.0,0.7584432296218306,12.0,,1.0,Payment Issue,None,0.05756713274120036
201,4312.0,Nairobi,Baby Products,107032.0,20.0,1.0,Mpesa,Returned,7.0,5.0,4.0,N/A,203.0,541.0,0.970985581238498,17.0,853.0,1.0,Product Issue,Clearance,0.21985552760999938
202,1563.0,Thika,Phones & Tablets,99908.0,15.0,1.0,Airtel Money,Delivered,14.0,1.0,3.0,,264.0,581.0,0.8998354195869867,18.0,296.0,0.0,Account Issue,Clearance,0.09460701791212416
203,,Thika,Fashion,61074.0,5.0,,Cash On Delivery,Delivered,,5.0,2.0,N/A,214.0,547.0,0.9387492316772087,17.0,825.0,0.0,Delivery Issue,Holiday Promo,0.1834440578738768
204,1095.0,Nakuru,Groceries,24052.0,20.0,,Mpesa,Returned,11.0,4.0,1.0,N/A,275.0,539.0,0.8612953008627033,13.0,640.0,1.0,Delivery Issue,Social Media Ads,0.08661407146868523
205,2923.0,Mombasa,Phones & Tablets,55329.0,25.0,4.0,Airtel Money,Delivered,12.0,3.0,4.0,N/A,221.0,596.0,0.9260598434129784,10.0,436.0,0.0,Product Issue,Clearance,0.2274188010963154
206,2757.0,Mombasa,TV & Audio,17985.0,10.0,4.0,,,,3.0,3.0,N/A,,562.0,0.7046981152284455,13.0,751.0,0.0,Payment Issue,,0.04039291012440985
207,3532.0,Thika,TV & Audio,51993.0,0.0,1.0,Cash On Delivery,Delivered,9.0,5.0,,,246.0,575.0,0.9373303231860652,18.0,608.0,1.0,,Clearance,0.05284474942542369
208,4478.0,Nakuru,Electronics,117039.0,0.0,3.0,Card,Failed Delivery,12.0,2.0,1.0,Damaged,280.0,571.0,0.7116402691347562,11.0,410.0,0.0,Product Issue,None,0.12832723003811256
209,3278.0,Eldoret,Home & Kitchen,56261.0,0.0,1.0,Mpesa,Delivered,3.0,3.0,2.0,N/A,292.0,,,12.0,915.0,0.0,Delivery Issue,Flash Sale,0.02966522536915507
210,3796.0,Mombasa,Baby Products,107237.0,5.0,3.0,Cash On Delivery,Delivered,4.0,5.0,3.0,N/A,245.0,579.0,0.9876691966992066,19.0,537.0,,Other,None,0.057035244328422864
211,,Eldoret,Beauty,77208.0,15.0,1.0,Airtel Money,Delivered,14.0,4.0,2.0,,213.0,503.0,0.7852795640312655,17.0,401.0,0.0,Payment Issue,None,0.23650393173088344
212,4242.0,Mombasa,Groceries,74832.0,20.0,4.0,Mpesa,Delivered,8.0,5.0,2.0,N/A,249.0,537.0,0.7609923813228802,15.0,750.0,1.0,Other,Flash Sale,0.2443575186754929
213,1540.0,Mombasa,Fashion,82294.0,10.0,1.0,Mpesa,In Transit,,3.0,,N/A,,,0.9219553755188318,,977.0,0.0,Product Issue,None,0.10030223903930126
214,2059.0,Kisumu,,56433.0,25.0,1.0,Airtel Money,Failed Delivery,5.0,4.0,4.0,N/A,249.0,508.0,0.7733776388668734,16.0,305.0,0.0,Delivery Issue,Social Media Ads,0.23158864504334456
215,3572.0,Mombasa,TV & Audio,97725.0,,,Card,Delivered,13.0,5.0,3.0,N/A,232.0,515.0,0.951013091119939,14.0,271.0,0.0,Account Issue,None,0.1407579221616236
216,2183.0,Nairobi,,,25.0,4.0,Airtel Money,Delivered,4.0,1.0,5.0,Wrong Item,258.0,555.0,,18.0,933.0,,Other,None,0.07473819180970408
217,4910.0,,Beauty,92501.0,,4.0,Mpesa,,8.0,4.0,3.0,N/A,242.0,575.0,0.7365270069500138,13.0,802.0,0.0,Account Issue,Holiday Promo,
218,2722.0,Nakuru,Baby Products,38543.0,0.0,4.0,Airtel Money,In Transit,,1.0,5.0,N/A,278.0,530.0,0.9839539509791785,15.0,830.0,,Delivery Issue,Flash Sale,0.16813643357796573
219,4314.0,Eldoret,Electronics,57684.0,5.0,,Cash On Delivery,Delivered,14.0,2.0,2.0,N/A,211.0,587.0,,11.0,50.0,1.0,Other,Holiday Promo,0.24739007658609602
220,,Mombasa,Beauty,31953.0,15.0,3.0,Airtel Money,Delivered,9.0,4.0,1.0,N/A,239.0,513.0,0.9455972950843963,11.0,595.0,0.0,Account Issue,Flash Sale,0.07361134897822798
221,2819.0,Nairobi,Groceries,26957.0,15.0,,Mpesa,Delivered,1.0,1.0,3.0,N/A,219.0,524.0,0.7940555194319402,11.0,495.0,0.0,Account Issue,Flash Sale,0.1712942806388165
222,3625.0,Eldoret,Beauty,40252.0,25.0,2.0,Airtel Money,Cancelled,8.0,3.0,3.0,Poor Quality,293.0,533.0,0.8961802873609752,19.0,128.0,0.0,Other,Flash Sale,0.022485701207067256
223,3729.0,Kisumu,Groceries,22480.0,20.0,4.0,Card,Delivered,4.0,3.0,5.0,N/A,237.0,566.0,0.8723301299194932,16.0,,0.0,Delivery Issue,Holiday Promo,0.037275049287212654
224,3604.0,Eldoret,Groceries,,20.0,3.0,,Delivered,9.0,2.0,2.0,N/A,202.0,523.0,0.8749135348356546,11.0,383.0,,Account Issue,None,0.010940409988262383
225,2597.0,Eldoret,Computing,78711.0,25.0,1.0,Card,Delivered,14.0,4.0,2.0,,,572.0,0.8979344132659393,11.0,938.0,0.0,,Flash Sale,0.24987056345432154
226,4060.0,Mombasa,Fashion,1922.0,15.0,4.0,,Returned,11.0,4.0,,Damaged,255.0,525.0,0.8668541602074386,18.0,398.0,0.0,Other,Flash Sale,0.20254568731539466
227,,Kisumu,TV & Audio,49056.0,15.0,2.0,Card,Delivered,5.0,4.0,2.0,Poor Quality,289.0,519.0,,16.0,147.0,,Payment Issue,Social Media Ads,0.19881352353604978
228,1795.0,Eldoret,Computing,41109.0,15.0,2.0,Airtel Money,Delivered,3.0,2.0,4.0,N/A,293.0,563.0,0.7800175813703586,12.0,131.0,0.0,Payment Issue,Flash Sale,0.13233425806916313
229,2051.0,Nairobi,,17025.0,5.0,2.0,Mpesa,Delivered,9.0,4.0,1.0,N/A,212.0,509.0,0.9228885859648286,12.0,,0.0,Delivery Issue,Flash Sale,0.08201609989730557
230,2643.0,Nairobi,Computing,61696.0,,1.0,Card,Delivered,11.0,3.0,3.0,Damaged,,582.0,0.7656190047009239,16.0,526.0,0.0,Product Issue,Flash Sale,0.046303428271042224
231,4627.0,Nakuru,Home & Kitchen,51526.0,10.0,3.0,Cash On Delivery,Delivered,14.0,1.0,,,,566.0,0.9007827487847802,14.0,976.0,0.0,Account Issue,None,0.07832193732315126
232,2363.0,,,106596.0,0.0,1.0,Card,Delivered,,,3.0,N/A,236.0,523.0,0.7676665185683047,19.0,753.0,1.0,Payment Issue,,
233,4869.0,,TV & Audio,81482.0,15.0,4.0,Card,Delivered,9.0,3.0,4.0,Wrong Item,248.0,504.0,0.8813457492867915,15.0,814.0,0.0,Delivery Issue,Holiday Promo,0.19151442327527057
234,2981.0,Nakuru,Beauty,82865.0,25.0,2.0,Card,Delivered,4.0,1.0,2.0,N/A,265.0,566.0,0.9166526974674184,17.0,970.0,1.0,Product Issue,None,0.13951882933675658
235,2354.0,,Fashion,29702.0,,1.0,Cash On Delivery,Delivered,11.0,3.0,5.0,N/A,235.0,,,18.0,599.0,0.0,Product Issue,,0.028596070373315845
236,2663.0,Kisumu,TV & Audio,4563.0,5.0,1.0,Airtel Money,Cancelled,4.0,2.0,4.0,N/A,253.0,526.0,0.7173835572497793,10.0,63.0,0.0,,None,0.014326962150138938
237,,Nairobi,Groceries,96823.0,25.0,3.0,Card,In Transit,12.0,1.0,1.0,N/A,225.0,579.0,0.7379823854683104,12.0,441.0,0.0,Delivery Issue,None,0.034559723088175155
238,3038.0,Nairobi,Phones & Tablets,47128.0,0.0,,Card,Delivered,8.0,3.0,5.0,N/A,274.0,514.0,0.8757391205085974,16.0,396.0,,Account Issue,Social Media Ads,0.10851969128737103
239,4419.0,Mombasa,Fashion,48224.0,,2.0,,In Transit,2.0,5.0,2.0,N/A,271.0,534.0,0.9463394578054634,15.0,359.0,0.0,Delivery Issue,Clearance,0.2339663000917644
240,2496.0,Kisumu,Fashion,74482.0,5.0,1.0,Cash On Delivery,Delivered,,3.0,4.0,N/A,239.0,575.0,,16.0,435.0,0.0,Account Issue,Flash Sale,0.16297659549021318
241,4302.0,Eldoret,Groceries,93365.0,10.0,1.0,Card,,13.0,2.0,5.0,N/A,242.0,552.0,0.9129038651220773,17.0,258.0,,Account Issue,Social Media Ads,0.20243821597012363
242,3237.0,Nakuru,,59352.0,5.0,3.0,Cash On Delivery,Delivered,14.0,4.0,4.0,Damaged,221.0,543.0,0.7989824073255151,,406.0,1.0,Other,None,0.12192990268109165
243,4296.0,Nakuru,Electronics,,,1.0,Card,Delivered,6.0,3.0,4.0,N/A,219.0,525.0,,12.0,650.0,0.0,Product Issue,,0.09679985996681026
244,,Eldoret,TV & Audio,36037.0,25.0,1.0,Airtel Money,Returned,9.0,4.0,,,,546.0,0.9693692694552141,11.0,617.0,0.0,Product Issue,,0.036016089451989454
245,2400.0,Thika,Groceries,101632.0,20.0,1.0,Airtel Money,Cancelled,,5.0,3.0,N/A,228.0,533.0,0.7962717363733951,16.0,143.0,1.0,Product Issue,None,0.22022392532468918
246,,Mombasa,Home & Kitchen,89863.0,15.0,3.0,Card,Returned,7.0,3.0,5.0,N/A,239.0,586.0,0.8349477108424509,,142.0,0.0,Other,Flash Sale,0.19795840696669667
247,3680.0,,Baby Products,29673.0,15.0,2.0,,Delivered,13.0,1.0,,N/A,289.0,594.0,0.7039679002805975,12.0,389.0,0.0,Account Issue,,0.050348343423454026
248,3675.0,Kisumu,Phones & Tablets,117669.0,10.0,4.0,Card,Delivered,14.0,4.0,4.0,,229.0,549.0,0.7236636288014031,13.0,,0.0,Account Issue,None,
249,1972.0,Mombasa,TV & Audio,36697.0,10.0,2.0,Airtel Money,Delivered,1.0,5.0,2.0,,280.0,583.0,0.7749915614290873,10.0,494.0,,Delivery Issue,None,0.12696995390109878
250,2768.0,Kisumu,Home & Kitchen,86445.0,15.0,4.0,Mpesa,Delivered,14.0,1.0,3.0,N/A,283.0,,0.7080771498381115,14.0,,0.0,Other,None,0.16002197264476686
251,2282.0,,Beauty,101671.0,20.0,1.0,Mpesa,Delivered,12.0,1.0,5.0,Poor Quality,254.0,586.0,0.8830988445539928,19.0,71.0,1.0,Delivery Issue,None,
252,4430.0,Mombasa,Groceries,39009.0,15.0,2.0,Mpesa,Delivered,3.0,1.0,3.0,N/A,215.0,503.0,0.8236555234724705,12.0,340.0,0.0,Other,Clearance,0.1491451460229951
253,1709.0,Nakuru,Groceries,116374.0,20.0,4.0,Cash On Delivery,Delivered,11.0,1.0,,N/A,245.0,586.0,0.8589621087911263,11.0,,0.0,Delivery Issue,None,0.13965214402686846
254,2479.0,Mombasa,Fashion,61420.0,10.0,3.0,Cash On Delivery,Delivered,14.0,3.0,5.0,N/A,261.0,547.0,0.7506476839099355,,833.0,0.0,,Flash Sale,0.022077503904319347
255,2434.0,Mombasa,Home & Kitchen,19550.0,,3.0,Mpesa,Cancelled,,3.0,3.0,N/A,206.0,554.0,0.7858202885366187,,355.0,,,None,0.025097794244325743
256,1648.0,,Fashion,21472.0,25.0,2.0,,Failed Delivery,5.0,3.0,4.0,N/A,279.0,500.0,0.8925090977072903,15.0,683.0,0.0,,None,0.054963229918429335
257,1317.0,Thika,Electronics,11855.0,,2.0,Airtel Money,In Transit,5.0,,5.0,Poor Quality,244.0,,0.9799377898528159,16.0,177.0,0.0,Account Issue,Holiday Promo,0.017792985206019588
258,4748.0,,,87710.0,10.0,1.0,Card,Delivered,5.0,5.0,,N/A,258.0,565.0,0.7146208643446407,15.0,674.0,0.0,Payment Issue,Social Media Ads,0.18840469493680298
259,,Kisumu,Electronics,78917.0,5.0,2.0,Card,Delivered,4.0,5.0,2.0,N/A,255.0,529.0,0.9582114530480271,15.0,988.0,0.0,Product Issue,Holiday Promo,0.18359927295855116
260,4890.0,Nairobi,Electronics,53576.0,5.0,1.0,Card,Delivered,5.0,2.0,4.0,Damaged,247.0,502.0,0.8672955483802505,12.0,322.0,0.0,Account Issue,Holiday Promo,0.042653496263594305
261,2257.0,Eldoret,,57792.0,5.0,1.0,Mpesa,Returned,,5.0,1.0,,226.0,520.0,0.8635366743591308,,897.0,0.0,Payment Issue,Holiday Promo,0.21065893619086742
262,1683.0,Mombasa,Beauty,53302.0,,,Cash On Delivery,,12.0,,3.0,N/A,252.0,588.0,0.8450807752102505,16.0,,0.0,Product Issue,None,0.047148648363066877
263,1663.0,Nakuru,,89899.0,5.0,,Airtel Money,Delivered,1.0,3.0,,N/A,,583.0,0.7201242849122131,16.0,552.0,0.0,Delivery Issue,None,0.08228214087936611
264,2998.0,Mombasa,Home & Kitchen,,20.0,4.0,Airtel Money,In Transit,5.0,2.0,3.0,N/A,287.0,548.0,,15.0,,0.0,Other,None,0.06975445579872759
265,4898.0,Nakuru,,91548.0,15.0,,Mpesa,Delivered,13.0,2.0,1.0,N/A,272.0,585.0,0.8742644816411349,14.0,181.0,1.0,Payment Issue,Flash Sale,0.09935370365753146
266,4445.0,Kisumu,Groceries,,0.0,3.0,Airtel Money,Delivered,9.0,5.0,1.0,N/A,234.0,584.0,0.7988779857163119,19.0,,0.0,Account Issue,None,0.07111930381359084
267,4743.0,Nakuru,Phones & Tablets,11346.0,10.0,2.0,Airtel Money,,13.0,4.0,5.0,N/A,250.0,561.0,0.9660077393075274,17.0,984.0,0.0,,None,0.1273482223452285
268,2631.0,Eldoret,TV & Audio,,,3.0,Airtel Money,Delivered,9.0,2.0,1.0,,283.0,596.0,0.817911255834247,14.0,531.0,0.0,Account Issue,Clearance,0.10777789152512449
269,2495.0,Nairobi,Beauty,116321.0,,4.0,Airtel Money,Delivered,4.0,1.0,3.0,Damaged,236.0,537.0,0.7415516230237659,18.0,911.0,,Payment Issue,,0.24677667778703838
270,4304.0,Nakuru,Computing,29069.0,20.0,2.0,Cash On Delivery,,3.0,3.0,4.0,,280.0,514.0,0.9072684617155904,18.0,439.0,1.0,Account Issue,Clearance,
271,4763.0,Nakuru,,53602.0,,,Airtel Money,Delivered,1.0,1.0,4.0,N/A,294.0,551.0,0.7850724922178929,10.0,642.0,0.0,Product Issue,None,0.044123530332964386
272,,Nairobi,TV & Audio,23450.0,,3.0,Card,Delivered,2.0,3.0,5.0,N/A,256.0,578.0,0.852386389133209,15.0,374.0,1.0,Delivery Issue,Social Media Ads,0.022678214538064595
273,2853.0,Eldoret,Phones & Tablets,68547.0,15.0,4.0,Mpesa,In Transit,,3.0,3.0,N/A,207.0,545.0,,16.0,118.0,0.0,Product Issue,None,0.1602018867957702
274,2520.0,,Fashion,5153.0,5.0,2.0,Cash On Delivery,Delivered,,,,N/A,278.0,524.0,0.9610765922486004,12.0,709.0,0.0,Delivery Issue,Clearance,0.0230822265792927
275,,Nakuru,Electronics,94913.0,25.0,1.0,Airtel Money,Delivered,8.0,2.0,1.0,N/A,294.0,520.0,0.9297354464924861,16.0,497.0,1.0,Product Issue,None,
276,1563.0,,Beauty,89699.0,15.0,4.0,Cash On Delivery,Delivered,,1.0,3.0,N/A,293.0,587.0,0.8961447096830899,16.0,577.0,0.0,Product Issue,Flash Sale,0.13286527136366266
277,2291.0,Kisumu,Baby Products,22092.0,25.0,4.0,,,,3.0,2.0,,219.0,504.0,,11.0,868.0,0.0,Payment Issue,Holiday Promo,0.13648182989956809
278,4581.0,Nairobi,Electronics,,10.0,2.0,Card,Delivered,8.0,,1.0,N/A,,569.0,0.9743181467693051,16.0,666.0,0.0,Other,Social Media Ads,0.1447826818509266
279,4878.0,Kisumu,Baby Products,106319.0,10.0,2.0,Mpesa,Delivered,12.0,4.0,2.0,N/A,211.0,546.0,0.7857889882739955,10.0,214.0,1.0,Account Issue,Flash Sale,
280,4457.0,Eldoret,TV & Audio,74778.0,10.0,4.0,Airtel Money,In Transit,6.0,1.0,5.0,N/A,248.0,586.0,0.7003225073168943,14.0,537.0,1.0,Account Issue,None,0.05744567274747701
281,4458.0,Mombasa,Groceries,,0.0,3.0,Airtel Money,In Transit,12.0,5.0,4.0,N/A,216.0,567.0,0.7788668222254775,18.0,762.0,0.0,Account Issue,Clearance,
282,4184.0,Nairobi,Computing,114430.0,25.0,4.0,Airtel Money,Delivered,14.0,1.0,5.0,N/A,263.0,590.0,0.7631885000917558,,758.0,1.0,Delivery Issue,None,0.15243913979724436
283,2636.0,Thika,Home & Kitchen,67598.0,15.0,2.0,Airtel Money,In Transit,9.0,5.0,4.0,N/A,241.0,517.0,0.8919320296830595,16.0,475.0,0.0,Account Issue,Holiday Promo,0.060428266225651485
284,4696.0,Nakuru,Electronics,,15.0,1.0,,Delivered,3.0,,5.0,N/A,293.0,520.0,,11.0,746.0,0.0,Account Issue,Social Media Ads,
285,3999.0,,Beauty,16150.0,20.0,1.0,Mpesa,Delivered,10.0,5.0,3.0,N/A,228.0,,0.8721038009843699,17.0,883.0,0.0,Payment Issue,,0.24282805274042374
286,4152.0,Nairobi,Phones & Tablets,12412.0,20.0,,Card,Delivered,4.0,4.0,2.0,,218.0,598.0,0.7047105985307416,12.0,314.0,0.0,,Flash Sale,0.0152756355543095
287,1698.0,Nakuru,Beauty,24358.0,20.0,4.0,Mpesa,Delivered,13.0,1.0,,Wrong Item,,585.0,0.9113456357906877,17.0,924.0,0.0,Account Issue,None,
288,3160.0,Nairobi,TV & Audio,45720.0,10.0,1.0,Airtel Money,Cancelled,6.0,1.0,1.0,N/A,297.0,522.0,0.7938238196207925,12.0,661.0,0.0,Other,Clearance,0.1991284358980053
289,1001.0,Kisumu,Baby Products,39190.0,15.0,4.0,,,8.0,4.0,,N/A,249.0,563.0,0.892866236811923,,391.0,0.0,Account Issue,None,0.08133138732282304
290,1641.0,Nairobi,Phones & Tablets,66317.0,25.0,2.0,Card,Delivered,5.0,3.0,1.0,Wrong Item,270.0,566.0,0.8614077442656245,16.0,,0.0,Delivery Issue,None,0.042550387841755216
291,3267.0,Thika,Home & Kitchen,47604.0,10.0,1.0,Card,Cancelled,3.0,2.0,2.0,Poor Quality,257.0,539.0,0.7993919683740931,11.0,775.0,0.0,Delivery Issue,Clearance,
292,2589.0,Nairobi,Home & Kitchen,33221.0,0.0,,Airtel Money,,6.0,1.0,2.0,N/A,,509.0,0.7390271174601912,13.0,,0.0,Delivery Issue,Clearance,0.1773835881369262
293,1854.0,Nairobi,Electronics,106221.0,20.0,2.0,Cash On Delivery,Delivered,4.0,2.0,5.0,Late Delivery,219.0,588.0,0.7273814803215395,15.0,723.0,,Account Issue,None,0.1642735818606817
294,2759.0,Thika,,,10.0,3.0,Airtel Money,Delivered,9.0,4.0,4.0,Poor Quality,249.0,551.0,0.9411403166025448,18.0,488.0,0.0,Payment Issue,None,0.19785896182033283
295,4296.0,Eldoret,Groceries,100724.0,,2.0,Mpesa,,13.0,3.0,4.0,N/A,287.0,571.0,0.9663352872036518,14.0,206.0,0.0,Other,None,0.23499548137578513
296,3432.0,Nairobi,TV & Audio,15348.0,0.0,1.0,Mpesa,Returned,3.0,,,N/A,209.0,574.0,0.8884385335616468,18.0,471.0,0.0,Account Issue,,0.17606256718398208
297,4474.0,Thika,Baby Products,35411.0,5.0,3.0,Airtel Money,Cancelled,4.0,3.0,3.0,N/A,231.0,560.0,0.7299958933095402,,300.0,1.0,Payment Issue,None,0.04740436877234643
298,2661.0,Nakuru,Beauty,38204.0,15.0,3.0,,,7.0,4.0,3.0,N/A,251.0,563.0,0.8165878928975898,19.0,927.0,0.0,Payment Issue,Flash Sale,0.06842622802369856
299,2153.0,Kisumu,,55212.0,,2.0,Card,Delivered,7.0,5.0,,N/A,214.0,504.0,0.9113923680304956,,658.0,0.0,Account Issue,,0.2121264954095475
300,,,Beauty,34308.0,,3.0,Airtel Money,Delivered,12.0,5.0,1.0,N/A,283.0,552.0,0.9261480563629197,10.0,,1.0,Account Issue,None,0.06023345820021006
301,2707.0,Nairobi,Beauty,360.0,20.0,2.0,Card,Delivered,12.0,2.0,5.0,N/A,202.0,,0.7342834004644156,16.0,376.0,0.0,Payment Issue,Flash Sale,0.027405356069075536
302,3777.0,Eldoret,Beauty,74966.0,10.0,2.0,Mpesa,,4.0,5.0,2.0,N/A,236.0,536.0,0.7000089084651608,13.0,944.0,1.0,Payment Issue,Clearance,0.1787872129701401
303,2695.0,Eldoret,,83859.0,0.0,2.0,Card,,6.0,5.0,1.0,N/A,239.0,555.0,0.9065197433053754,14.0,146.0,0.0,Payment Issue,Flash Sale,
304,2733.0,,Fashion,55637.0,0.0,2.0,Airtel Money,In Transit,12.0,3.0,1.0,N/A,271.0,558.0,,15.0,562.0,0.0,Account Issue,Clearance,
305,2439.0,Nairobi,,110916.0,,1.0,Mpesa,,13.0,,2.0,N/A,239.0,592.0,0.7737995861692955,,,0.0,Payment Issue,None,
306,3294.0,Kisumu,Baby Products,13650.0,5.0,2.0,Cash On Delivery,Delivered,3.0,2.0,5.0,,255.0,568.0,0.7037402662389624,10.0,181.0,0.0,Delivery Issue,,0.031700554669998576
307,1835.0,Eldoret,Phones & Tablets,24654.0,15.0,4.0,,Returned,6.0,1.0,1.0,N/A,222.0,572.0,0.8566868279608348,18.0,309.0,0.0,Account Issue,Flash Sale,0.2374855761408786
308,4510.0,Nairobi,TV & Audio,45486.0,10.0,3.0,Mpesa,Delivered,12.0,2.0,5.0,N/A,210.0,558.0,0.9468337132735347,11.0,174.0,0.0,Delivery Issue,,0.07205374327365902
309,1202.0,Eldoret,TV & Audio,28445.0,15.0,4.0,,Returned,2.0,2.0,4.0,N/A,263.0,501.0,0.9777131774190505,18.0,131.0,0.0,Product Issue,None,0.09093099769750858
310,4255.0,Thika,Computing,34320.0,25.0,1.0,Mpesa,Delivered,8.0,4.0,5.0,Damaged,207.0,564.0,0.8640660356778538,19.0,332.0,1.0,Account Issue,Social Media Ads,0.10654249928405009
311,1122.0,Eldoret,TV & Audio,86423.0,0.0,4.0,Mpesa,Delivered,2.0,4.0,3.0,N/A,292.0,559.0,0.8491937850445692,11.0,732.0,0.0,Product Issue,Holiday Promo,0.022293831137035182
312,1400.0,Kisumu,Home & Kitchen,106967.0,0.0,3.0,Card,Delivered,11.0,2.0,,N/A,293.0,550.0,0.7246663517918799,18.0,108.0,0.0,Payment Issue,Flash Sale,0.12916370133534516
313,1766.0,Mombasa,Groceries,75486.0,20.0,,,Delivered,7.0,2.0,,N/A,255.0,529.0,0.859173112447354,15.0,593.0,0.0,Payment Issue,None,0.03959643785807014
314,1293.0,Nakuru,Electronics,85769.0,20.0,1.0,Mpesa,In Transit,9.0,2.0,3.0,N/A,259.0,,0.8101939328999644,18.0,210.0,0.0,Other,None,0.10623287840520441
315,3327.0,Nakuru,Computing,20881.0,10.0,2.0,Mpesa,Delivered,1.0,5.0,4.0,N/A,209.0,591.0,0.8760692314562373,15.0,333.0,1.0,Payment Issue,Clearance,
316,4908.0,Kisumu,Electronics,89229.0,25.0,4.0,,Delivered,8.0,4.0,,N/A,238.0,575.0,0.8127306408841986,15.0,155.0,,Product Issue,,0.1954816200223608
317,3931.0,Eldoret,Baby Products,23351.0,,1.0,Cash On Delivery,Delivered,7.0,,3.0,N/A,227.0,538.0,0.7696867458006064,11.0,154.0,0.0,Payment Issue,Flash Sale,0.20276092279185548
318,4681.0,Nairobi,Electronics,51774.0,15.0,1.0,,,6.0,3.0,3.0,Wrong Item,248.0,589.0,0.7275399298162292,17.0,488.0,0.0,Account Issue,Flash Sale,
319,1197.0,Eldoret,Electronics,,10.0,3.0,Airtel Money,In Transit,6.0,,5.0,N/A,,576.0,0.7913263489307797,12.0,,0.0,Payment Issue,Social Media Ads,0.09797228497101428
320,4029.0,Kisumu,Computing,114918.0,20.0,3.0,Card,Delivered,6.0,5.0,4.0,N/A,212.0,571.0,0.7280270019434482,16.0,749.0,1.0,Other,None,0.0996047586476396
321,2930.0,Nakuru,Phones & Tablets,69926.0,,4.0,Cash On Delivery,Cancelled,9.0,5.0,2.0,N/A,295.0,562.0,0.7513001157389553,14.0,631.0,,Payment Issue,Social Media Ads,
322,4582.0,Eldoret,Beauty,7260.0,20.0,2.0,Card,Failed Delivery,2.0,1.0,5.0,N/A,235.0,563.0,0.9863274859880683,12.0,367.0,0.0,Product Issue,None,0.20162884121228572
323,3799.0,Nakuru,TV & Audio,36072.0,15.0,1.0,,Delivered,1.0,1.0,5.0,N/A,225.0,560.0,0.8287900315029194,10.0,513.0,1.0,Product Issue,Holiday Promo,0.17973479880050158
324,3191.0,,TV & Audio,21820.0,5.0,4.0,Card,,13.0,,4.0,N/A,285.0,553.0,0.8542428122864547,17.0,851.0,1.0,Payment Issue,None,0.055691628711288334
325,1608.0,Nakuru,Home & Kitchen,49781.0,10.0,1.0,,Delivered,12.0,,2.0,N/A,203.0,591.0,0.9533493733337924,12.0,648.0,0.0,Product Issue,None,0.09801325806251177
326,4272.0,Nakuru,Computing,36708.0,15.0,1.0,Card,Delivered,6.0,5.0,4.0,N/A,294.0,593.0,0.9887149811422995,11.0,,0.0,Product Issue,Flash Sale,0.03539320596556341
327,2147.0,Mombasa,Home & Kitchen,,25.0,2.0,Cash On Delivery,Delivered,10.0,5.0,2.0,N/A,281.0,572.0,0.8689871903099576,10.0,923.0,0.0,Other,Holiday Promo,0.16076958330233054
328,1186.0,Mombasa,Groceries,57434.0,0.0,,Card,Cancelled,11.0,,4.0,N/A,263.0,594.0,0.9356174081028098,13.0,521.0,0.0,Account Issue,Social Media Ads,0.03912926189166872
329,4397.0,Thika,Groceries,20791.0,25.0,,Cash On Delivery,Failed Delivery,8.0,5.0,5.0,Poor Quality,237.0,557.0,0.7948128970576358,,105.0,1.0,Other,Flash Sale,0.24662420046998026
330,3511.0,Mombasa,Home & Kitchen,1641.0,25.0,2.0,Cash On Delivery,Delivered,3.0,3.0,5.0,N/A,287.0,584.0,0.7886657476597144,12.0,674.0,0.0,Delivery Issue,Holiday Promo,
331,4420.0,,Computing,44923.0,,2.0,Card,Cancelled,12.0,1.0,1.0,N/A,286.0,555.0,0.8167840790884224,10.0,62.0,0.0,Other,Social Media Ads,0.1036572519001588
332,2794.0,Kisumu,Home & Kitchen,90627.0,25.0,4.0,Airtel Money,Delivered,10.0,1.0,3.0,N/A,221.0,533.0,,13.0,489.0,0.0,,None,0.14885534374704507
333,1659.0,Nakuru,TV & Audio,638.0,15.0,2.0,Mpesa,Delivered,1.0,1.0,4.0,N/A,201.0,530.0,0.8978355898839786,18.0,67.0,0.0,Account Issue,Social Media Ads,0.2287220358919381
334,3811.0,Kisumu,Fashion,71731.0,15.0,,,Delivered,9.0,2.0,1.0,,230.0,551.0,0.7914194360483406,10.0,743.0,0.0,Payment Issue,None,0.14298382729499828
335,4002.0,Kisumu,Electronics,12554.0,15.0,1.0,Card,Failed Delivery,13.0,2.0,3.0,N/A,210.0,588.0,0.7386308779996222,11.0,162.0,0.0,Delivery Issue,Holiday Promo,0.051879636735509244
336,2955.0,Mombasa,Fashion,,0.0,1.0,Airtel Money,Delivered,13.0,4.0,4.0,N/A,291.0,575.0,0.8833949143749975,18.0,278.0,,Account Issue,None,0.10088880533947822
337,3450.0,Eldoret,Computing,11644.0,25.0,1.0,,Delivered,1.0,4.0,2.0,Poor Quality,245.0,500.0,0.7372145000347416,11.0,220.0,0.0,Product Issue,Social Media Ads,0.2123547676071389
338,2369.0,Nairobi,Fashion,2050.0,0.0,1.0,Mpesa,Delivered,3.0,4.0,3.0,Wrong Item,295.0,554.0,0.8677628273865057,12.0,344.0,0.0,Other,None,0.16461112383750828
339,2986.0,Mombasa,Groceries,55056.0,15.0,,Card,Delivered,8.0,2.0,5.0,N/A,261.0,521.0,0.9010924171363296,,238.0,0.0,Payment Issue,Holiday Promo,
340,2534.0,Mombasa,Baby Products,68257.0,25.0,1.0,Card,Delivered,14.0,2.0,1.0,,268.0,539.0,0.9031773339543909,12.0,,0.0,Delivery Issue,Social Media Ads,0.2180371565652374
341,1146.0,Eldoret,Electronics,105723.0,25.0,1.0,Card,Delivered,3.0,,3.0,N/A,,500.0,0.918506912091283,18.0,128.0,0.0,Product Issue,Social Media Ads,0.22455353379100113
342,4219.0,Nairobi,Beauty,58353.0,20.0,1.0,Mpesa,In Transit,13.0,4.0,3.0,N/A,209.0,564.0,0.9531292322540428,15.0,,0.0,Other,Holiday Promo,0.2307502172270647
343,3911.0,Nakuru,Computing,71155.0,20.0,1.0,Cash On Delivery,Delivered,4.0,5.0,5.0,N/A,239.0,562.0,0.8449881076697886,12.0,968.0,0.0,Product Issue,Flash Sale,0.03276380638075747
344,,Thika,Electronics,16196.0,5.0,3.0,Card,Delivered,8.0,4.0,4.0,N/A,223.0,553.0,0.9117722649635757,18.0,231.0,0.0,Other,Flash Sale,0.1405902404711442
345,2843.0,Thika,Fashion,,10.0,1.0,Airtel Money,Delivered,1.0,5.0,2.0,Damaged,298.0,541.0,0.8795600932560926,10.0,548.0,0.0,Account Issue,Flash Sale,0.18772228509239647
346,1488.0,Nakuru,Groceries,62852.0,20.0,3.0,,In Transit,13.0,3.0,5.0,N/A,243.0,520.0,0.7541255825413279,19.0,847.0,0.0,Product Issue,None,0.1916624428304833
347,3976.0,Mombasa,Phones & Tablets,77754.0,0.0,4.0,,Cancelled,13.0,2.0,2.0,N/A,259.0,578.0,,12.0,811.0,1.0,Product Issue,Clearance,0.15561188847280094
348,2959.0,Nairobi,Beauty,118981.0,20.0,2.0,Card,Delivered,6.0,,4.0,Damaged,261.0,580.0,0.7825170018463108,,915.0,0.0,Product Issue,Clearance,0.0500289604440818
349,2663.0,Mombasa,Electronics,90900.0,5.0,,Card,Cancelled,1.0,2.0,3.0,N/A,286.0,521.0,0.8284797748379096,11.0,875.0,0.0,Account Issue,None,
350,3598.0,Kisumu,Groceries,112453.0,25.0,2.0,Cash On Delivery,Delivered,14.0,,2.0,Poor Quality,216.0,537.0,0.8789607238843102,17.0,757.0,1.0,Delivery Issue,Holiday Promo,0.18282672004358697
351,3385.0,Mombasa,Groceries,28235.0,,2.0,Airtel Money,Delivered,1.0,2.0,1.0,Damaged,,598.0,0.9464882058459295,16.0,884.0,0.0,Other,Social Media Ads,0.030672585171768706
352,3919.0,Mombasa,Fashion,37941.0,25.0,4.0,Cash On Delivery,Delivered,14.0,3.0,1.0,N/A,294.0,579.0,,11.0,120.0,0.0,Product Issue,,0.12131435792185029
353,1640.0,Nakuru,TV & Audio,30011.0,,2.0,Airtel Money,Delivered,8.0,1.0,5.0,Late Delivery,294.0,507.0,0.7364094390705583,11.0,297.0,0.0,Account Issue,None,0.051754575885232856
354,2802.0,Nakuru,Fashion,70642.0,10.0,3.0,Card,,11.0,4.0,4.0,N/A,256.0,,0.979409184767555,18.0,195.0,1.0,Delivery Issue,None,0.09099449097111324
355,3520.0,Nakuru,TV & Audio,107196.0,20.0,2.0,Mpesa,In Transit,4.0,1.0,5.0,N/A,254.0,546.0,0.731332922219158,15.0,667.0,0.0,Other,None,0.014339462129364504
356,2969.0,Thika,TV & Audio,12482.0,0.0,2.0,Cash On Delivery,In Transit,12.0,1.0,5.0,N/A,252.0,516.0,0.8387624103310849,14.0,824.0,0.0,Account Issue,Holiday Promo,0.10607916841858196
357,3198.0,Kisumu,Beauty,88133.0,0.0,2.0,Mpesa,Cancelled,1.0,1.0,,N/A,,,0.8698134813500575,19.0,345.0,0.0,Other,None,0.1419704610774905
358,2438.0,Nakuru,Fashion,56576.0,15.0,1.0,Cash On Delivery,Delivered,10.0,2.0,1.0,N/A,,589.0,0.856998582063157,15.0,631.0,1.0,Product Issue,Flash Sale,0.15869982227850085
359,4369.0,Nairobi,Phones & Tablets,19841.0,,,Card,Delivered,7.0,5.0,1.0,,208.0,512.0,,18.0,519.0,0.0,Delivery Issue,Flash Sale,0.1692376828308904
360,,Thika,Home & Kitchen,94757.0,0.0,3.0,Cash On Delivery,,,2.0,5.0,N/A,221.0,,0.7165378050610496,16.0,555.0,,Account Issue,Flash Sale,0.2107099151445904
361,1262.0,Eldoret,Home & Kitchen,82610.0,10.0,3.0,Card,Delivered,5.0,2.0,1.0,Poor Quality,212.0,537.0,0.7305901939637003,19.0,242.0,0.0,Delivery Issue,Social Media Ads,
362,2787.0,Nairobi,Fashion,45113.0,25.0,1.0,Cash On Delivery,,1.0,1.0,4.0,N/A,288.0,580.0,0.8698204283230576,19.0,117.0,0.0,Product Issue,Social Media Ads,0.03891563738523231
363,3191.0,Nairobi,,37498.0,10.0,3.0,Card,Delivered,14.0,2.0,5.0,Damaged,247.0,577.0,0.8578600174139531,,543.0,0.0,Delivery Issue,Social Media Ads,0.21436892125550217
364,3393.0,,Beauty,9120.0,0.0,1.0,Card,In Transit,10.0,1.0,,N/A,217.0,544.0,0.7677848296906558,13.0,866.0,0.0,Delivery Issue,Flash Sale,0.04758707557423597
365,1623.0,Eldoret,Fashion,24370.0,,4.0,,Delivered,11.0,5.0,2.0,Damaged,275.0,505.0,0.8849545011352216,11.0,101.0,1.0,Payment Issue,Holiday Promo,0.24394241952068688
366,2016.0,,TV & Audio,70068.0,15.0,2.0,Card,Delivered,6.0,4.0,5.0,N/A,239.0,534.0,0.9378195755961383,17.0,,0.0,Delivery Issue,None,0.21220917505567288
367,4643.0,Thika,Groceries,11422.0,0.0,2.0,Airtel Money,Returned,14.0,1.0,5.0,N/A,216.0,513.0,0.7120578983555121,13.0,412.0,0.0,Other,Holiday Promo,0.1302103854135038
368,1880.0,Eldoret,Groceries,80859.0,25.0,3.0,Card,Delivered,9.0,5.0,4.0,N/A,214.0,571.0,,18.0,846.0,0.0,,None,0.24554114198128604
369,3049.0,Kisumu,TV & Audio,73843.0,25.0,1.0,Mpesa,Delivered,9.0,4.0,3.0,N/A,214.0,560.0,0.8999000195097802,,966.0,0.0,Payment Issue,Clearance,0.03337041498592101
370,3944.0,Nakuru,Computing,83741.0,25.0,,Card,Delivered,8.0,3.0,3.0,N/A,278.0,514.0,0.7731704588502092,17.0,523.0,0.0,,None,
371,2327.0,Eldoret,TV & Audio,42086.0,15.0,3.0,Mpesa,Delivered,5.0,,4.0,Damaged,,553.0,0.7892535625350132,18.0,895.0,0.0,,Social Media Ads,0.16317385960974676
372,3301.0,Thika,,95234.0,15.0,1.0,Mpesa,Returned,,1.0,4.0,N/A,238.0,526.0,0.8779549918669213,18.0,570.0,0.0,Product Issue,Clearance,0.09400164843356289
373,4723.0,Kisumu,Baby Products,100104.0,0.0,,Card,Delivered,9.0,3.0,4.0,N/A,212.0,512.0,0.9604012350986837,19.0,812.0,0.0,,Clearance,0.23280941247539003
374,1452.0,Mombasa,Electronics,7037.0,5.0,2.0,Mpesa,Delivered,1.0,3.0,3.0,N/A,280.0,530.0,0.9348780818878408,13.0,480.0,0.0,,Social Media Ads,0.025750261162676216
375,4108.0,Mombasa,TV & Audio,36362.0,5.0,3.0,Airtel Money,,8.0,1.0,4.0,,231.0,534.0,0.8691077635388792,10.0,893.0,1.0,Product Issue,None,0.1418588396946315
376,2183.0,Kisumu,,54537.0,15.0,3.0,Cash On Delivery,In Transit,5.0,3.0,1.0,,208.0,559.0,0.9117642981496022,12.0,347.0,1.0,Product Issue,,0.15180790417482748
377,,Thika,Fashion,51871.0,0.0,1.0,Card,In Transit,3.0,2.0,5.0,N/A,239.0,505.0,0.8057985163602616,18.0,,0.0,Product Issue,Clearance,0.1666547497065338
378,3056.0,Kisumu,Beauty,25810.0,5.0,3.0,Mpesa,,11.0,4.0,5.0,N/A,219.0,568.0,0.8858800031486397,,745.0,0.0,Account Issue,None,0.07135989359963546
379,4304.0,Nakuru,TV & Audio,19726.0,0.0,4.0,Card,Delivered,7.0,,2.0,Damaged,289.0,585.0,0.8351926614269916,14.0,740.0,0.0,Payment Issue,None,
380,4170.0,Nakuru,Beauty,37565.0,0.0,1.0,Airtel Money,Failed Delivery,7.0,,2.0,Wrong Item,290.0,557.0,0.7550814795726927,16.0,247.0,1.0,Account Issue,Holiday Promo,0.21248332711959464
381,2682.0,Mombasa,TV & Audio,18150.0,0.0,,Card,Returned,,2.0,5.0,Damaged,284.0,548.0,0.9035040994244046,14.0,177.0,0.0,Other,Social Media Ads,0.05678626455283836
382,3863.0,Eldoret,Electronics,118549.0,20.0,1.0,Card,Delivered,,3.0,1.0,N/A,281.0,522.0,0.8613747448311584,13.0,581.0,1.0,Account Issue,Clearance,0.2084482833216069
383,3255.0,Thika,Baby Products,66450.0,25.0,1.0,,Delivered,13.0,5.0,3.0,N/A,276.0,,0.8040002587665415,11.0,460.0,0.0,Other,Social Media Ads,0.14503730149665817
384,2154.0,Mombasa,Groceries,87612.0,0.0,4.0,Airtel Money,Delivered,11.0,3.0,3.0,N/A,279.0,533.0,0.9642883651228029,11.0,983.0,1.0,Delivery Issue,Holiday Promo,
385,1403.0,Eldoret,Home & Kitchen,89913.0,20.0,1.0,Cash On Delivery,In Transit,14.0,1.0,1.0,N/A,272.0,525.0,0.7060708941697525,,889.0,1.0,Delivery Issue,None,0.18126576790323318
386,3199.0,Eldoret,TV & Audio,75210.0,15.0,3.0,Cash On Delivery,Delivered,3.0,4.0,3.0,N/A,,546.0,0.7915742138623538,19.0,114.0,1.0,Other,Social Media Ads,0.05980275889237096
387,,Nakuru,Baby Products,,5.0,4.0,Mpesa,Delivered,11.0,3.0,4.0,N/A,,504.0,0.7164956053555175,19.0,743.0,0.0,,Social Media Ads,0.14651505674412948
388,4191.0,Nairobi,Groceries,35735.0,25.0,2.0,Card,Delivered,13.0,5.0,5.0,N/A,,,0.9222929217042719,18.0,290.0,0.0,Account Issue,Social Media Ads,0.21825355667322216
389,2696.0,Nairobi,Computing,96743.0,5.0,2.0,Mpesa,Cancelled,14.0,1.0,,Damaged,237.0,519.0,0.9036111616929998,17.0,418.0,0.0,Other,None,0.11370789683246303
390,4991.0,Kisumu,Electronics,57432.0,25.0,3.0,Mpesa,In Transit,13.0,2.0,1.0,Poor Quality,282.0,505.0,0.796092143433532,12.0,,0.0,Payment Issue,None,0.241981784853596
391,1627.0,Nakuru,Beauty,79245.0,5.0,3.0,Mpesa,Delivered,1.0,2.0,3.0,N/A,259.0,569.0,0.8959422416400511,18.0,433.0,0.0,,Social Media Ads,0.11853162402441232
392,1586.0,Eldoret,Beauty,82350.0,25.0,4.0,Card,Returned,8.0,5.0,2.0,N/A,270.0,558.0,0.8148217955968254,14.0,480.0,0.0,Delivery Issue,None,0.04426855280029233
393,2648.0,Thika,Fashion,95702.0,5.0,2.0,Airtel Money,Failed Delivery,12.0,1.0,2.0,,298.0,563.0,0.9193135995125059,12.0,132.0,0.0,Other,Social Media Ads,0.10346432321864157
394,2443.0,Nairobi,Groceries,3283.0,5.0,2.0,Mpesa,Delivered,3.0,4.0,3.0,N/A,247.0,517.0,,14.0,880.0,,Product Issue,,
395,2445.0,,,97541.0,,2.0,Card,Delivered,12.0,3.0,,N/A,217.0,503.0,0.819561121071183,19.0,,,Product Issue,Flash Sale,0.086733003841565
396,1103.0,Nairobi,Baby Products,20962.0,5.0,2.0,Airtel Money,,8.0,1.0,1.0,Late Delivery,215.0,516.0,0.9710716754916073,13.0,877.0,0.0,Other,Social Media Ads,0.21834355836809508
397,4923.0,Nairobi,Electronics,23810.0,15.0,2.0,Mpesa,Returned,8.0,2.0,1.0,N/A,254.0,513.0,0.772754938968303,17.0,660.0,1.0,Payment Issue,,0.22150016360365354
398,1253.0,Nairobi,Groceries,78487.0,0.0,1.0,Cash On Delivery,Delivered,13.0,5.0,3.0,N/A,238.0,577.0,0.734929728599004,14.0,623.0,0.0,Product Issue,,0.09404476583967065
399,4298.0,Thika,Computing,41298.0,10.0,3.0,Airtel Money,Delivered,5.0,5.0,2.0,,,512.0,0.8695175028452429,19.0,335.0,0.0,Other,Holiday Promo,0.029981837932151707
400,4183.0,Nakuru,Home & Kitchen,57146.0,20.0,1.0,Mpesa,Returned,13.0,3.0,1.0,,258.0,,0.9811033255624119,17.0,583.0,0.0,Payment Issue,None,0.18389389819811638
